id;status;level;trainer;active_from;activeto
1;unsightly since;but lest chlorinate;poorly entrust;2024-01-01T11:29:21;2024-01-01T01:11:44
2;before;brr;brushfire for meanwhile;2024-01-01T05:26:11;2024-01-01T16:59:15
3;pish;considering day ugly;hmph nippy;2024-01-01T10:45:32;2024-01-01T07:30:10
4;drat;moralize for nit;aboard begonia;2024-01-01T17:20:21;2024-01-01T13:44:23
5;loftily;irritating definitive;procedure yuck;2024-01-01T03:31:51;2024-01-01T06:21:51
6;hoon gosh as;hmph;stimulate versus ugh;2024-01-01T02:26:46;2024-01-01T11:25:30
7;yippee instead;athwart excluding once;word patroller;2024-01-01T05:59:30;2024-01-01T07:38:14
8;adjoin although;tempting verse silkworm;caffeine via road;2024-01-01T05:26:07;2023-12-31T20:49:23
9;quicker supposing ick;courageously signature upward;yippee tortellini;2023-12-31T20:05:51;2023-12-31T23:27:35
10;healthy occupation;consequently optimistically boo;while lively violently;2024-01-01T11:36:13;2024-01-01T00:21:46
